code,name,sigunguCode
11010560,평창동,11010
11050640,자양1동,11050
22510140,유가읍,22510
22510360,구지면,22510
23010520,연안동,23010
23010530,신포동,23010
23010540,신흥동,23010
23010560,도원동,23010
11050650,자양2동,11050
23010570,율목동,23010
23010580,동인천동,23010
23010670,개항동,23010
23010670,개항동,23010
23010650,영종동,23010
23010660,영종1동,23010
23010630,용유동,23010
23010640,운서동,23010
11050660,자양3동,11050
23020510,만석동,23020
23020520,화수1·화평동,23020
23020530,화수2동,23020
23020550,송현1·2동,23020
23020570,송현3동,23020
23020580,송림1동,23020
23020590,송림2동,23020
23020600,송림3·5동,23020
23020610,송림4동,23020
23020630,송림6동,23020
23020640,금창동,23020
23090750,숭의1·3동,23090
23090520,숭의2동,23090
23090540,숭의4동,23090
23090760,용현1·4동,23090
23090560,용현2동,23090
23090570,용현3동,23090
23090590,용현5동,23090
23090600,학익1동,23090
23090610,학익2동,23090
23090620,도화1동,23090
23090770,도화2·3동,23090
23090650,주안1동,23090
23090660,주안2동,23090
23090670,주안3동,23090
11060810,용신동,11060
23090680,주안4동,23090
23090690,주안5동,23090
23090700,주안6동,23090
23090710,주안7동,23090
23090720,주안8동,23090
23090730,관교동,23090
23090740,문학동,23090
23040510,옥련1동,23040
23040600,옥련2동,23040
23040520,선학동,23040
23040530,연수1동,23040
23040540,연수2동,23040
23040550,연수3동,23040
23040560,청학동,23040
23040570,동춘1동,23040
23040580,동춘2동,23040
23040640,송도1동,23040
23040650,송도3동,23040
23040660,송도2동,23040
23040590,동춘3동,23040
23050510,구월1동,23050
23050521,구월2동,23050
23050530,구월3동,23050
23050540,구월4동,23050
23050550,간석1동,23050
23050561,간석2동,23050
11060820,제기동,11060
23050570,간석3동,23050
23050580,간석4동,23050
23050590,만수1동,23050
23050600,만수2동,23050
23050610,만수3동,23050
23050620,만수4동,23050
23050630,만수5동,23050
23050640,만수6동,23050
23050750,장수서창동,23050
23050670,남촌도림동,23050
23050720,논현1동,23050
23050730,논현2동,23050
23050740,논현고잔동,23050
23060510,부평1동,23060
23060520,부평2동,23060
23060530,부평3동,23060
23060540,부평4동,23060
23060550,부평5동,23060
11010570,무악동,11010
11060830,전농1동,11060
23060560,부평6동,23060
23060570,산곡1동,23060
23060580,산곡2동,23060
23060590,산곡3동,23060
23060600,산곡4동,23060
23060610,청천1동,23060
23060620,청천2동,23060
23060630,갈산1동,23060
23060640,갈산2동,23060
23060650,삼산1동,23060
11060840,전농2동,11060
23060720,삼산2동,23060
23060660,부개1동,23060
23060670,부개2동,23060
23060680,부개3동,23060
23060690,일신동,23060
23060700,십정1동,23060
23060710,십정2동,23060
23070510,효성1동,23070
23070520,효성2동,23070
23070530,계산1동,23070
23070540,계산2동,23070
23070550,계산3동,23070
23070620,계산4동,23070
23070560,작전1동,23070
23070570,작전2동,23070
23070580,작전서운동,23070
23070630,계양1동,23070
23070640,계양3동,23070
23070610,계양2동,23070
23080510,검암경서동,23080
23080530,연희동,23080
23080540,가정1동,23080
23080550,가정2동,23080
23080560,가정3동,23080
23080730,신현원창동,23080
23080740,청라1동,23080
11060910,답십리1동,11060
23080780,청라2동,23080
23080790,청라3동,23080
23080580,석남1동,23080
23080590,석남2동,23080
23080600,석남3동,23080
23080620,가좌1동,23080
23080630,가좌2동,23080
23080640,가좌3동,23080
23080650,가좌4동,23080
23080800,검단동,23080
11060860,답십리2동,11060
23080840,오류왕길동,23080
23080850,당하동,23080
23080810,불로대곡동,23080
23080870,원당동,23080
23510110,강화읍,23510
23510310,선원면,23510
23510320,불은면,23510
23510330,길상면,23510
23510340,화도면,23510
23510350,양도면,23510
23510360,내가면,23510
23510370,하점면,23510
23510380,양사면,23510
23510390,송해면,23510
23510400,교동면,23510
23510410,삼산면,23510
23510420,서도면,23510
23520310,북도면,23520
23520320,연평면,23520
23520330,백령면,23520
23520340,대청면,23520
23520350,덕적면,23520
23520360,자월면,23520
23520370,영흥면,23520
24010510,충장동,24010
24010540,동명동,24010
24010560,계림1동,24010
24010580,계림2동,24010
24010590,산수1동,24010
24010610,산수2동,24010
24010620,지산1동,24010
24010630,지산2동,24010
11060870,장안1동,11060
24010640,서남동,24010
24010680,학동,24010
24010710,학운동,24010
24010720,지원1동,24010
24010730,지원2동,24010
24020510,양동,24020
11010580,교남동,11010
11060880,장안2동,11060
24020530,양3동,24020
24020540,농성1동,24020
24020550,농성2동,24020
24020560,광천동,24020
24020570,유덕동,24020
24020660,치평동,24020
24020580,상무1동,24020
24020590,상무2동,24020
24020600,화정1동,24020
24020610,화정2동,24020
24020620,화정3동,24020
24020630,화정4동,24020
24020640,서창동,24020
24020680,금호1동,24020
24020690,금호2동,24020
24020670,풍암동,24020
24020700,동천동,24020
24030510,양림동,24030
24030520,방림1동,24030
24030530,방림2동,24030
24030540,사직동,24030
24030570,월산동,24030
24030600,월산4동,24030
24030610,월산5동,24030
24030620,백운1동,24030
24030630,백운2동,24030
11060800,청량리동,11060
24030640,주월1동,24030
24030650,주월2동,24030
24030710,진월동,24030
24030670,송암동,24030
24030680,봉선1동,24030
24030690,봉선2동,24030
24030700,대촌동,24030
24040510,중흥1동,24040
24040520,중흥2동,24040
24040530,중흥3동,24040
24040540,중앙동,24040
24040550,임동,24040
24040560,신안동,24040
24040570,용봉동,24040
24040580,운암1동,24040
24040590,운암2동,24040
24040600,운암3동,24040
24040610,동림동,24040
11060710,회기동,11060
24040620,우산동,24040
24040630,풍향동,24040
24040640,문화동,24040
24040650,문흥1동,24040
24040660,문흥2동,24040
24040670,두암1동,24040
24040680,두암2동,24040
24040690,두암3동,24040
24040700,삼각동,24040
24040780,일곡동,24040
11060720,휘경1동,11060
24040710,매곡동,24040
24040720,오치1동,24040
24040730,오치2동,24040
24040740,석곡동,24040
24040810,건국동,24040
24040800,양산동,24040
24050511,송정1동,24050
24050512,송정2동,24050
11060730,휘경2동,11060
24050540,도산동,24050
24050513,신흥동,24050
24050514,어룡동,24050
24050580,우산동,24050
24050590,월곡1동,24050
24050600,월곡2동,24050
24050515,비아동,24050
24050690,첨단1동,24050
24050516,첨단2동,24050
24050740,신가동,24050
11060890,이문1동,11060
24050517,수완동,24050
24050521,신창동,24050
24050710,운남동,24050
24050630,하남동,24050
24050518,임곡동,24050
24050650,동곡동,24050
24050660,평동,24050
24050670,삼도동,24050
24050519,본량동,24050
11060900,이문2동,11060
25010760,중앙동,25010
25010770,신인동,25010
25010530,효동,25010
25010550,판암1동,25010
25010560,판암2동,25010
11010600,가회동,11010
25010570,용운동,25010
25010780,대동,25010
25010600,자양동,25010
25010630,가양1동,25010
25010640,가양2동,25010
25010650,용전동,25010
25010790,성남동,25010
25010680,홍도동,25010
25010800,삼성동,25010
25010730,대청동,25010
25010750,산내동,25010
25020510,은행선화동,25020
25020530,목동,25020
25020540,중촌동,25020
25020550,대흥동,25020
25020560,문창동,25020
25020570,석교동,25020
25020580,대사동,25020
25020590,부사동,25020
25020600,용두동,25020
25020620,오류동,25020
25020630,태평1동,25020
25020640,태평2동,25020
25020650,유천1동,25020
25020660,유천2동,25020
11070710,면목본동,11070
25020670,문화1동,25020
25020680,문화2동,25020
25020690,산성동,25020
25030510,복수동,25030
25030520,도마1동,25030
25030530,도마2동,25030
25030540,정림동,25030
25030550,변동,25030
25030560,용문동,25030
25030570,탄방동,25030
25030740,둔산3동,25030
25030590,둔산1동,25030
25030600,둔산2동,25030
25030610,괴정동,25030
25030620,가장동,25030
25030630,내동,25030
25030640,갈마1동,25030
25030650,갈마2동,25030
11070520,면목2동,11070
25030660,월평1동,25030
25030670,월평2동,25030
25030680,월평3동,25030
25030690,만년동,25030
25030511,가수원동,25030
25030720,관저1동,25030
25030730,관저2동,25030
25030710,기성동,25030
11070720,면목3·8동,11070
25040680,진잠동,25040
25040640,온천1동,25040
25040710,원신흥동,25040
25040540,온천2동,25040
25040590,노은1동,25040
25040660,노은2동,25040
25040670,노은3동,25040
25040550,신성동,25040
25040570,전민동,25040
25040610,구즉동,25040
25040630,관평동,25040
25050510,오정동,25050
25050520,대화동,25050
25050530,회덕동,25050
25050540,비래동,25050
25050620,송촌동,25050
25050550,중리동,25050
25050560,법1동,25050
11070540,면목4동,11070
25050570,법2동,25050
25050580,신탄진동,25050
25050590,석봉동,25050
25050600,덕암동,25050
25050610,목상동,25050
26010510,학성동,26010
11070550,면목5동,11070
26010520,반구1동,26010
26010530,반구2동,26010
26010540,복산1동,26010
26010550,복산2동,26010
26010660,성안동,26010
26010670,중앙동,26010
26010590,우정동,26010
26010600,태화동,26010
26010610,다운동,26010
11010610,종로1·2·3·4가동,11010
11070570,면목7동,11070
26010620,병영1동,26010
26010630,병영2동,26010
26010640,약사동,26010
26020510,신정1동,26020
26020520,신정2동,26020
26020530,신정3동,26020
26020540,신정4동,26020
26020550,신정5동,26020
11070590,상봉1동,11070
26020560,달동,26020
26020570,삼산동,26020
26020580,삼호동,26020
26020590,무거동,26020
26020600,옥동,26020
26020610,야음장생포동,26020
26020620,대현동,26020
26020630,수암동,26020
26020640,선암동,26020
11070600,상봉2동,11070
26030510,방어동,26030
26030520,일산동,26030
26030530,화정동,26030
26030540,대송동,26030
26030550,전하1동,26030
26030610,전하2동,26030
26030580,남목1동,26030
26030590,남목2동,26030
11070610,중화1동,11070
26030600,남목3동,26030
26040510,농소1동,26040
26040520,농소2동,26040
26040530,농소3동,26040
26040540,강동동,26040
26040560,효문동,26040
26040570,송정동,26040
26040580,양정동,26040
11070620,중화2동,11070
26040590,염포동,26040
26510110,온산읍,26510
26510120,언양읍,26510
26510130,온양읍,26510
26510140,범서읍,26510
26510310,서생면,26510
26510150,청량읍,26510
26510340,웅촌면,26510
26510360,두동면,26510
26510370,두서면,26510
26510380,상북면,26510
26510160,삼남읍,26510
26510400,삼동면,26510
29010110,조치원읍,29010
11070640,묵1동,11070
29010311,연기면,29010
29010312,연동면,29010
29010330,부강면,29010
29010340,금남면,29010
29010350,장군면,29010
29010360,연서면,29010
29010370,전의면,29010
29010380,전동면,29010
29010390,소정면,29010
29010610,한솔동,29010
11070650,묵2동,11070
29010521,새롬동,29010
29010660,보람동,29010
29010640,대평동,29010
29010710,소담동,29010
29010514,도담동,29010
29010590,아름동,29010
29010600,고운동,29010
29010560,종촌동,29010
11070730,망우본동,11070
31011540,파장동,31011
31011550,율천동,31011
31011560,정자1동,31011
31011620,정자3동,31011
31011570,정자2동,31011
31011580,영화동,31011
31011590,송죽동,31011
31011600,조원1동,31011
31011630,조원2동,31011
31011610,연무동,31011
31012520,세류1동,31012
11010630,종로5·6가동,11010
11070680,망우3동,11070
31012530,세류2동,31012
31012540,세류3동,31012
31012550,평동,31012
31012560,서둔동,31012
31012570,구운동,31012
31012650,금곡동,31012
31012660,호매실동,31012
31012600,권선1동,31012
11070690,신내1동,11070
31012640,권선2동,31012
31012610,곡선동,31012
31012620,입북동,31012
31013720,행궁동,31013
31013670,매교동,31013
11070700,신내2동,11070
31013690,고등동,31013
31013700,화서1동,31013
31013710,화서2동,31013
31013530,지동,31013
31013540,우만1동,31013
31013550,우만2동,31013
31013560,인계동,31013
31014510,매탄1동,31014
31014520,매탄2동,31014
31014530,매탄3동,31014
31014540,매탄4동,31014
31014600,원천동,31014
31014620,광교1동,31014
31014630,광교2동,31014
31014640,영통1동,31014
31014650,영통2동,31014
31014660,영통3동,31014
31014670,망포1동,31014
11080810,성북동,11080
31021510,신흥1동,31021
31021520,신흥2동,31021
31021530,신흥3동,31021
31021540,태평1동,31021
31021550,태평2동,31021
31021560,태평3동,31021
31021570,태평4동,31021
31021580,수진1동,31021
31021590,수진2동,31021
31021600,단대동,31021
31021610,산성동,31021
31021620,양지동,31021
31021670,복정동,31021
31021680,위례동,31021
31021640,신촌동,31021
31021650,고등동,31021
31021660,시흥동,31021
11080820,삼선동,11080
31022510,성남동,31022
31022530,금광1동,31022
31022540,금광2동,31022
31022550,은행1동,31022
31022560,은행2동,31022
31022570,상대원1동,31022
31022580,상대원2동,31022
31022590,상대원3동,31022
31022600,하대원동,31022
31022610,도촌동,31022
31022620,중앙동,31022
31023510,분당동,31023
31023520,수내3동,31023
31023530,수내1동,31023
31023540,수내2동,31023
31023550,정자2동,31023
31023560,정자3동,31023
31023770,정자1동,31023
31023780,정자동,31023
31023580,서현1동,31023
31023590,서현2동,31023
31023600,이매1동,31023
31023610,이매2동,31023
31023620,야탑1동,31023
31023630,야탑3동,31023
11010640,이화동,11010
11080830,동선동,11080
31023640,야탑2동,31023
31023750,판교동,31023
31023760,백현동,31023
31023740,삼평동,31023
31023710,금곡동,31023
31023720,구미1동,31023
31023670,구미동,31023
31023680,운중동,31023
31030690,의정부1동,31030
31030520,의정부2동,31030
31030690,의정부1동,31030
31030550,호원1동,31030
31030650,호원2동,31030
31030560,장암동,31030
31030570,신곡1동,31030
31030580,신곡2동,31030
31030590,송산1동,31030
31030700,송산2동,31030
11080580,돈암1동,11080
31030600,자금동,31030
31030680,가능동,31030
31030670,흥선동,31030
31030640,녹양동,31030
31041510,안양1동,31041
31041520,안양2동,31041
11080590,돈암2동,11080
31041530,안양3동,31041
31041540,안양4동,31041
31041550,안양5동,31041
31041560,안양6동,31041
31041570,안양7동,31041
31041580,안양8동,31041
31041590,안양9동,31041
31041600,석수1동,31041
31041610,석수2동,31041
31041620,석수3동,31041
11080600,안암동,11080
31041630,박달1동,31041
31041640,박달2동,31041
31042510,비산1동,31042
31042520,비산2동,31042
31042530,비산3동,31042
31042540,부흥동,31042
31042550,달안동,31042
31042560,관양1동,31042
11080610,보문동,11080
31042570,관양2동,31042
31042580,부림동,31042
31042590,평촌동,31042
31042600,평안동,31042
31042610,귀인동,31042
31042620,호계1동,31042
31042630,호계2동,31042
31042640,호계3동,31042
31042650,범계동,31042
31042660,신촌동,31042
11080620,정릉1동,11080
31042670,갈산동,31042
31050870,심곡동,31051
31050870,심곡동,31051
31050870,심곡동,31051
31050870,심곡동,31051
31050870,심곡동,31051
31050880,부천동,31051
11080630,정릉2동,11080
31050880,부천동,31051
31050880,부천동,31051
31050880,부천동,31051
31050880,부천동,31051
31050890,중동,31051
31050890,중동,31051
31050910,상동,31051
31050900,신중동,31051
31050900,신중동,31051
31050900,신중동,31051
11080640,정릉3동,11080
31050900,신중동,31051
31050900,신중동,31051
31050910,상동,31051
31050910,상동,31051
31050920,대산동,31052
31050920,대산동,31052
31050930,소사본동,31052
31050930,소사본동,31052
11080650,정릉4동,11080
31050940,범안동,31052
31050940,범안동,31052
31050940,범안동,31052
31050920,대산동,31052
31050920,대산동,31052
31050950,성곡동,31053
31050950,성곡동,31053
31050950,성곡동,31053
31050960,오정동,31053
11010730,혜화동,11010
11080660,길음1동,11080
31050960,오정동,31053
31050960,오정동,31053
31050960,오정동,31053
31060510,광명1동,31060
31060520,광명2동,31060
31060530,광명3동,31060
31060540,광명4동,31060
31060550,광명5동,31060
31060560,광명6동,31060
31060570,광명7동,31060
31060580,철산1동,31060
31060590,철산2동,31060
31060600,철산3동,31060
31060610,철산4동,31060
31060620,하안1동,31060
31060630,하안2동,31060
31060640,하안3동,31060
31060650,하안4동,31060
11080680,길음2동,11080
31060660,소하1동,31060
31060690,소하2동,31060
31060680,학온동,31060
31070110,팽성읍,31070
31070120,안중읍,31070
31070130,포승읍,31070
31070310,진위면,31070
31070320,서탄면,31070
11080840,종암동,11080
31070330,고덕면,31070
31070340,오성면,31070
31070140,청북읍,31070
31070370,현덕면,31070
31070510,중앙동,31070
31070520,서정동,31070
31070530,송탄동,31070
31070550,지산동,31070
31070560,송북동,31070
31070570,신장1동,31070
31070580,신장2동,31070
31070590,신평동,31070
31070600,원평동,31070
31070610,통복동,31070
31070670,비전1동,31070
31070650,비전2동,31070
31070640,세교동,31070
31080510,생연1동,31080
11080710,월곡1동,11080
31080520,생연2동,31080
31080530,중앙동,31080
31080550,보산동,31080
31080560,불현동,31080
31080610,송내동,31080
31080580,소요동,31080
31080600,상패동,31080
31091510,일동,31091
31091740,이동,31091
31091760,사동,31091
31091780,해양동,31091
31091770,사이동,31091
31091540,본오1동,31091
31091550,본오2동,31091
31091560,본오3동,31091
31091570,부곡동,31091
31091580,월피동,31091
31091620,성포동,31091
31091710,반월동,31091
31091730,안산동,31091
31092590,와동,31092
31092740,고잔동,31092
31092730,호수동,31092
31092750,중앙동,31092
31092760,원곡동,31092
11080720,월곡2동,11080
31092770,신길동,31092
31092780,백운동,31092
31092660,초지동,31092
31092680,선부1동,31092
31092690,선부2동,31092
31092700,선부3동,31092
31092720,대부동,31092
31101510,주교동,31101
31101520,원신동,31101
31101511,흥도동,31101
31101540,성사1동,31101
31101550,성사2동,31101
31101560,효자동,31101
31101512,삼송1동,31101
31101580,창릉동,31101
31101590,고양동,31101
31101600,관산동,31101
11080760,장위1동,11080
31101610,능곡동,31101
31101620,화정1동,31101
31101630,화정2동,31101
31101640,행주동,31101
31101650,행신1동,31101
31101660,행신2동,31101
31101514,행신3동,31101
31101670,화전동,31101
31101680,대덕동,31101
11080770,장위2동,11080
31103510,식사동,31103
31103511,중산1동,31103
31103530,정발산동,31103
31103540,풍산동,31103
31103550,백석1동,31103
31103610,백석2동,31103
31103560,마두1동,31103
31103570,마두2동,31103
31103580,장항1동,31103
11080780,장위3동,11080
31103590,장항2동,31103
31103600,고봉동,31103
31104510,일산1동,31104
31104511,탄현1동,31104
31104520,일산2동,31104
31104530,일산3동,31104
31104550,주엽1동,31104
31104560,주엽2동,31104
11080850,석관동,11080
31104570,대화동,31104
31104580,송포동,31104
31104513,덕이동,31104
31110510,중앙동,31110
31110521,갈현동,31110
31110530,별양동,31110
31110540,부림동,31110
31110550,과천동,31110
31110560,문원동,31110
31120510,갈매동,31120
31120520,동구동,31120
31120530,인창동,31120
31120540,교문1동,31120
31120550,교문2동,31120
31120560,수택1동,31120
31120570,수택2동,31120
31120580,수택3동,31120
31130110,와부읍,31130
31130120,진접읍,31130
31130111,화도읍,31130
31130140,진건읍,31130
31130150,오남읍,31130
31130310,별내면,31130
31130160,퇴계원읍,31130
31130340,수동면,31130
31130350,조안면,31130
31130510,호평동,31130
31130520,평내동,31130
31130530,금곡동,31130
31130540,양정동,31130
31130590,다산2동,31130
31130580,다산1동,31130
31130570,별내동,31130
11090690,삼양동,11090
31140510,중앙동,31140
31140520,대원동,31140
31140530,남촌동,31140
31140540,신장동,31140
31140550,세마동,31140
31140560,초평동,31140
31150510,대야동,31150
31150520,신천동,31150
31150530,신현동,31150
31150540,은행동,31150
31150550,매화동,31150
31150560,목감동,31150
31150680,군자동,31150
31150690,월곶동,31150
31150640,정왕본동,31150
31150650,정왕1동,31150
31150611,정왕2동,31150
11090700,미아동,11090
31150620,정왕3동,31150
31150720,정왕4동,31150
31150590,과림동,31150
31150700,연성동,31150
31150710,장곡동,31150
31150670,능곡동,31150
31160510,군포1동,31160
31160520,군포2동,31160
11010670,창신1동,11010
11090710,송중동,11090
31160540,산본1동,31160
31160550,산본2동,31160
31160560,금정동,31160
31160570,재궁동,31160
31160580,오금동,31160
31160590,수리동,31160
31160600,궁내동,31160
31160610,광정동,31160
31160630,대야동,31160
31170510,고천동,31170
31170520,부곡동,31170
31170530,오전동,31170
31170540,내손1동,31170
31170550,내손2동,31170
31170560,청계동,31170
31180510,천현동,31180
11090720,송천동,11090
31180520,신장1동,31180
31180530,신장2동,31180
31180540,덕풍1동,31180
31180550,덕풍2동,31180
31180560,덕풍3동,31180
31180611,미사3동,31180
31180620,미사 1동,31180
31180630,미사 2동,31180
31180660,감북동,31180
31180650,위례동,31180
31180590,춘궁동,31180
31180600,초이동,31180
31191110,포곡읍,31191
31191120,모현읍,31191
31191140,남사읍,31191
31191130,이동읍,31191
31191340,원삼면,31191
11090730,삼각산동,11090
31191350,백암면,31191
31191360,양지면,31191
31191510,중앙동,31191
31191550,역북동,31191
31191530,유림동,31191
31191540,동부동,31191
31192610,신갈동,31192
31192630,영덕1동,31192
11090600,번1동,11090
31192520,구갈동,31192
31192650,상갈동,31192
31192540,기흥동,31192
31192550,서농동,31192
31192560,구성동,31192
31192570,마북동,31192
31192670,동백1동,31192
31192600,상하동,31192
31192590,보정동,31192
11090610,번2동,11090
31193510,풍덕천1동,31193
31193520,풍덕천2동,31193
31193530,신봉동,31193
31193600,죽전1동,31193
31193550,죽전2동,31193
31193560,동천동,31193
31193620,상현1동,31193
31193580,상현2동,31193
31193590,성복동,31193
11090620,번3동,11090
31200110,문산읍,31200
31200120,파주읍,31200
31200130,법원읍,31200
31200511,교하동,31200
31200512,운정1동,31200
31200570,운정2동,31200
31200513,운정3동,31200
31200150,조리읍,31200
11090630,수유1동,11090
31200390,장단면,31200
31200390,장단면,31200
31200390,장단면,31200
31200310,월롱면,31200
31200320,탄현면,31200
31200350,광탄면,31200
31200360,파평면,31200
31200370,적성면,31200
31200390,장단면,31200
31200530,금촌1동,31200
11090640,수유2동,11090
31200540,금촌3동,31200
31200520,금촌2동,31200
31210110,장호원읍,31210
31210120,부발읍,31210
31210310,신둔면,31210
31210320,백사면,31210
31210330,호법면,31210
31210340,마장면,31210
11010680,창신2동,11010
11090650,수유3동,11090
31210350,대월면,31210
31210360,모가면,31210
31210370,설성면,31210
31210380,율면,31210
31210510,창전동,31210
31210540,증포동,31210
31210520,중리동,31210
31210530,관고동,31210
11090740,우이동,11090
31220110,공도읍,31220
31220310,보개면,31220
31220320,금광면,31220
31220330,서운면,31220
31220340,미양면,31220
31220350,대덕면,31220
31220360,양성면,31220
31220380,원곡면,31220
31220390,일죽면,31220
31220400,죽산면,31220
11090750,인수동,11090
31220410,삼죽면,31220
31220420,고삼면,31220
31220510,안성1동,31220
31220520,안성2동,31220
31220530,안성3동,31220
31230110,통진읍,31230
31230120,고촌읍,31230
31230130,양촌읍,31230
31230340,대곶면,31230
31230350,월곶면,31230
31230360,하성면,31230
31230610,김포본동,31230
31230620,장기본동,31230
31230600,운양동,31230
31230630,구래동,31230
31230560,장기동,31230
31230530,사우동,31230
31230540,풍무동,31230
31240520,진안동,31240
31240530,병점1동,31240
31240540,병점2동,31240
31240550,반월동,31240
31240560,기배동,31240
31240570,화산동,31240
31240120,봉담읍,31240
31240130,우정읍,31240
31240310,매송면,31240
31240330,비봉면,31240
31240150,남양읍,31240
31240350,마도면,31240
31240360,송산면,31240
31240370,서신면,31240
31240380,팔탄면,31240
31240390,장안면,31240
31240140,향남읍,31240
31240420,양감면,31240
11100510,쌍문1동,11100
31240430,정남면,31240
31240700,동탄6동,31240
31240610,동탄1동,31240
31240600,동탄2동,31240
31240620,동탄3동,31240
31240640,동탄4동,31240
31240650,동탄5동,31240
31240670,새솔동,31240
11100520,쌍문2동,11100
31250110,오포읍,31250
31250120,초월읍,31250
31250140,곤지암읍,31250
31250340,도척면,31250
31250350,퇴촌면,31250
31250360,남종면,31250
31250380,남한산성면,31250
31250540,경안동,31250
31250550,송정동,31250
31250580,광남1동,31250
11100530,쌍문3동,11100
31260110,백석읍,31260
31260310,은현면,31260
31260320,남면,31260
31260330,광적면,31260
31260340,장흥면,31260
31260510,양주1동,31260
31260520,양주2동,31260
31260530,회천1동,31260
11100540,쌍문4동,11100
31260540,회천2동,31260
31260550,회천3동,31260
31260560,회천4동,31260
31270110,소흘읍,31270
31270310,군내면,31270
31270320,내촌면,31270
31270330,가산면,31270
31270340,신북면,31270
11010690,창신3동,11010
11100550,방학1동,11100
31270350,창수면,31270
31270360,영중면,31270
31270370,일동면,31270
31270380,이동면,31270
31270390,영북면,31270
31270400,관인면,31270
31270410,화현면,31270
31270510,포천동,31270
31270520,선단동,31270
11100560,방학2동,11100
31280510,여흥동,31280
31280520,중앙동,31280
31280530,오학동,31280
31280310,점동면,31280
31280110,가남읍,31280
31280390,세종대왕면,31280
31280330,흥천면,31280
31280340,금사면,31280
31280350,산북면,31280
11100570,방학3동,11100
31280360,대신면,31280
31280370,북내면,31280
31280380,강천면,31280
31550110,연천읍,31550
31550120,전곡읍,31550
31550310,군남면,31550
31550320,청산면,31550
31550330,백학면,31550
31550340,미산면,31550
31550350,왕징면,31550
31550360,신서면,31550
31550370,중면,31550
31550380,장남면,31550
31570110,가평읍,31570
31570310,설악면,31570
31570320,청평면,31570
11100590,창1동,11100
31570330,상면,31570
31570360,조종면,31570
31570350,북면,31570
31580110,양평읍,31580
31580310,강상면,31580
31580320,강하면,31580
31580330,양서면,31580
31580340,옥천면,31580
11100600,창2동,11100
31580350,서종면,31580
31580360,단월면,31580
31580370,청운면,31580
31580380,양동면,31580
31580390,지평면,31580
31580400,용문면,31580
31580410,개군면,31580
11100610,창3동,11100
32010110,신북읍,32010
32010310,동면,32010
32010320,동산면,32010
32010330,신동면,32010
32010340,동내면,32010
32010350,남면,32010
32010360,남산면,32010
32010370,서면,32010
32010380,사북면,32010
11100620,창4동,11100
32010390,북산면,32010
32010520,교동,32010
32010530,조운동,32010
32010540,약사명동,32010
32010570,근화동,32010
32010580,소양동,32010
32010600,후평1동,32010
32010610,후평2동,32010
32010620,후평3동,32010
32010630,효자1동,32010
11100630,창5동,11100
32010640,효자2동,32010
32010650,효자3동,32010
32010660,석사동,32010
32010670,퇴계동,32010
32010680,강남동,32010
32010710,신사우동,32010
32020110,문막읍,32020
32020310,소초면,32020
11100640,도봉1동,11100
32020320,호저면,32020
32020330,지정면,32020
32020340,부론면,32020
32020350,귀래면,32020
32020360,흥업면,32020
32020370,판부면,32020
32020380,신림면,32020
32020510,중앙동,32020
32020520,원인동,32020
32020530,개운동,32020
11010700,숭인1동,11010
11100650,도봉2동,11100
32020540,명륜1동,32020
32020550,명륜2동,32020
32020560,단구동,32020
32020570,일산동,32020
32020580,학성동,32020
32020600,단계동,32020
32020610,우산동,32020
32020620,태장1동,32020
32020630,태장2동,32020
32020640,봉산동,32020
32020660,행구동,32020
32020670,무실동,32020
32020680,반곡관설동,32020
32030110,주문진읍,32030
32030310,성산면,32030
32030320,왕산면,32030
32030330,구정면,32030
32030340,강동면,32030
32030350,옥계면,32030
32030360,사천면,32030
32030370,연곡면,32030
32030510,홍제동,32030
32030520,중앙동,32030
32030540,옥천동,32030
32030550,교1동,32030
32030560,교2동,32030
32030570,포남1동,32030
32030580,포남2동,32030
11110510,월계1동,11110
32030590,초당동,32030
32030600,송정동,32030
32030610,내곡동,32030
32030620,강남동,32030
32030650,성덕동,32030
32030670,경포동,32030
32040510,천곡동,32040
32040520,송정동,32040
11110520,월계2동,11110
32040530,북삼동,32040
32040540,부곡동,32040
32040550,동호동,32040
32040570,발한동,32040
32040590,묵호동,32040
32040600,북평동,32040
32040630,망상동,32040
32040650,삼화동,32040
11110530,월계3동,11110
32050510,황지동,32050
32050520,황연동,32050
32050530,삼수동,32050
32050540,상장동,32050
32050550,구문소동,32050
32050560,장성동,32050
32050580,철암동,32050
32050620,문곡소도동,32050
32060510,영랑동,32060
32060520,동명동,32060
32060540,금호동,32060
32060560,교동,32060
32060570,노학동,32060
32060580,조양동,32060
32060590,청호동,32060
32060600,대포동,32060
11110790,공릉1동,11110
32070110,도계읍,32070
32070120,원덕읍,32070
32070310,근덕면,32070
32070320,하장면,32070
32070330,노곡면,32070
32070340,미로면,32070
32070350,가곡면,32070
32070360,신기면,32070
32070510,남양동,32070
32070520,성내동,32070
32070530,교동,32070
32070540,정라동,32070
32510110,홍천읍,32510
32510310,화촌면,32510
32510320,두촌면,32510
32510330,내촌면,32510
32510340,서석면,32510
32510400,영귀미면,32510
11110560,공릉2동,11110
32510360,남면,32510
32510370,서면,32510
32510380,북방면,32510
32510390,내면,32510
32520110,횡성읍,32520
32520310,우천면,32520
32520320,안흥면,32520
32520330,둔내면,32520
11010710,숭인2동,11010
11110580,하계1동,11110
32520340,갑천면,32520
32520350,청일면,32520
32520360,공근면,32520
32520370,서원면,32520
32520380,강림면,32520
32530110,영월읍,32530
32530120,상동읍,32530
32530410,산솔면,32530
11110590,하계2동,11110
32530380,김삿갓면,32530
32530330,북면,32530
32530340,남면,32530
32530390,한반도면,32530
32530360,주천면,32530
32530400,무릉도원면,32530
32540110,평창읍,32540
32540310,미탄면,32540
11110600,중계본동,11110
32540320,방림면,32540
32540330,대화면,32540
32540340,봉평면,32540
32540350,용평면,32540
32540360,진부면,32540
32540370,대관령면,32540
32550110,정선읍,32550
32550120,고한읍,32550
11110610,중계1동,11110
32550130,사북읍,32550
32550140,신동읍,32550
32550360,화암면,32550
32550320,남면,32550
32550370,여량면,32550
32550340,북평면,32550
32550350,임계면,32550
32560110,철원읍,32560
11110780,중계2·3동,11110
32560120,김화읍,32560
32560130,갈말읍,32560
32560140,동송읍,32560
32560210,근북면,32560
32560260,근동면,32560
32560270,원동면,32560
32560280,원남면,32560
32560290,임남면,32560
32560310,서면,32560
32560320,근남면,32560
32570110,화천읍,32570
32570310,간동면,32570
32570320,하남면,32570
32570330,상서면,32570
32570340,사내면,32570
32580110,양구읍,32580
11110640,중계4동,11110
32580350,국토정중앙면,32580
32580320,동면,32580
32580330,방산면,32580
32580340,해안면,32580
32590110,인제읍,32590
32590310,남면,32590
32590320,북면,32590
32590330,기린면,32590
11110650,상계1동,11110
32590340,서화면,32590
32590350,상남면,32590
32600110,간성읍,32600
32600120,거진읍,32600
32600260,수동면,32600
32600310,현내면,32600
32600320,죽왕면,32600
32600330,토성면,32600
11110660,상계2동,11110
32610110,양양읍,32610
32610310,서면,32610
32610320,손양면,32610
32610330,현북면,32610
32610340,현남면,32610
32610350,강현면,32610
11110760,상계3·4동,11110
33041510,중앙동,33041
33041520,성안동,33041
33041530,탑·대성동,33041
33041540,영운동,33041
33041550,금천동,33041
33041560,용담·명암·산성동,33041
33041570,용암1동,33041
33041580,용암2동,33041
33041310,낭성면,33041
33041320,미원면,33041
33041330,가덕면,33041
33041340,남일면,33041
11110690,상계5동,11110
33041350,문의면,33041
33042510,사직1동,33042
33042520,사직2동,33042
33042530,사창동,33042
33042540,모충동,33042
33042310,남이면,33042
33042320,현도면,33042
11110770,상계6·7동,11110
33043510,운천·신봉동,33043
33042550,산남동,33042
33042560,분평동,33042
33042570,수곡1동,33042
33042580,수곡2동,33042
33042590,성화·개신·죽림동,33042
33043520,복대1동,33043
33043530,복대2동,33043
33043540,가경동,33043
33043550,봉명1동,33043
33043560,봉명2·송정동,33043
33043570,강서1동,33043
33043580,강서2동,33043
33043110,오송읍,33043
33043310,강내면,33043
11110720,상계8동,11110
33043320,옥산면,33043
33044510,오근장동,33044
33044520,우암동,33044
33044530,내덕1동,33044
33044540,내덕2동,33044
33044550,율량·사천동,33044
33044110,내수읍,33044
33044120,오창읍,33044
11110730,상계9동,11110
33044310,북이면,33044
33020110,주덕읍,33020
33020310,살미면,33020
33020320,수안보면,33020
33020340,신니면,33020
33020350,노은면,33020
33020360,앙성면,33020
33020440,중앙탑면,33020
11110740,상계10동,11110
33020380,금가면,33020
33020390,동량면,33020
33020400,산척면,33020
33020410,엄정면,33020
33020420,소태면,33020
33020430,대소원면,33020
33020510,성내·충인동,33020
33020530,교현·안림동,33020
33020540,교현2동,33020
33020550,용산동,33020
33020560,지현동,33020
33020570,문화동,33020
33020580,호암·직동,33020
33020600,달천동,33020
33020610,봉방동,33020
33020620,칠금·금릉동,33020
33020630,연수동,33020
33020640,목행·용탄동,33020
33030110,봉양읍,33030
33030310,금성면,33030
33030320,청풍면,33030
33030330,수산면,33030
33030340,덕산면,33030
33030350,한수면,33030
33030360,백운면,33030
33030370,송학면,33030
33030510,교동,33030
33030730,의림지동,33030
11120510,녹번동,11120
33030740,중앙동,33030
33030700,남현동,33030
33030720,신백동,33030
33030710,영서동,33030
33030560,용두동,33030
33030590,청전동,33030
33030600,화산동,33030
11120520,불광1동,11120
11120720,불광2동,11120
33520110,보은읍,33520
33520310,속리산면,33520
33520320,장안면,33520
33520330,마로면,33520
33520340,탄부면,33520
33520350,삼승면,33520
33520360,수한면,33520
33520370,회남면,33520
33520380,회인면,33520
33520390,내북면,33520
33520400,산외면,33520
11120550,갈현1동,11120
33530110,옥천읍,33530
33530310,동이면,33530
33530320,안남면,33530
33530330,안내면,33530
33530340,청성면,33530
33530350,청산면,33530
33530360,이원면,33530
33530370,군서면,33530
33530380,군북면,33530
11120560,갈현2동,11120
33540110,영동읍,33540
33540310,용산면,33540
33540320,황간면,33540
33540330,추풍령면,33540
33540340,매곡면,33540
33540350,상촌면,33540
33540360,양강면,33540
33540370,용화면,33540
33540380,학산면,33540
11120570,구산동,11120
33540390,양산면,33540
33540400,심천면,33540
33550110,진천읍,33550
33550120,덕산읍,33550
33550320,초평면,33550
33550330,문백면,33550
33550340,백곡면,33550
33550350,이월면,33550
11120580,대조동,11120
33550360,광혜원면,33550
33560110,괴산읍,33560
33560310,감물면,33560
33560320,장연면,33560
33560330,연풍면,33560
33560340,칠성면,33560
33560350,문광면,33560
33560360,청천면,33560
11120590,응암1동,11120
33560370,청안면,33560
33560380,사리면,33560
33560390,소수면,33560
33560400,불정면,33560
33570110,음성읍,33570
33570120,금왕읍,33570
33570310,소이면,33570
33570320,원남면,33570
11120600,응암2동,11120
33570330,맹동면,33570
33570340,대소면,33570
33570350,삼성면,33570
33570360,생극면,33570
33570370,감곡면,33570
33580110,단양읍,33580
33580120,매포읍,33580
33580310,단성면,33580
11120730,응암3동,11120
33580320,대강면,33580
33580330,가곡면,33580
33580340,영춘면,33580
33580350,어상천면,33580
33580360,적성면,33580
33590140,증평읍,33590
33590310,도안면,33590
11020520,소공동,11020
34011110,목천읍,34011
34011310,풍세면,34011
34011320,광덕면,34011
34011330,북면,34011
34011340,성남면,34011
11120740,역촌동,11120
34011350,수신면,34011
34011360,병천면,34011
34011370,동면,34011
34011510,중앙동,34011
34011520,문성동,34011
34011530,원성1동,34011
34011540,원성2동,34011
34011550,봉명동,34011
34011560,일봉동,34011
34011570,신방동,34011
34011580,청룡동,34011
34011590,신안동,34011
34012110,성환읍,34012
34012120,성거읍,34012
34012130,직산읍,34012
34012310,입장면,34012
34012510,성정1동,34012
11120650,신사1동,11120
34012520,성정2동,34012
34012530,쌍용1동,34012
34012540,쌍용2동,34012
34012550,쌍용3동,34012
34012580,백석동,34012
34012620,불당1동,34012
34012600,부성1동,34012
34012610,부성2동,34012
11120660,신사2동,11120
34020110,유구읍,34020
34020310,이인면,34020
34020320,탄천면,34020
34020330,계룡면,34020
34020340,반포면,34020
34020360,의당면,34020
34020370,정안면,34020
34020380,우성면,34020
34020390,사곡면,34020
11120670,증산동,11120
34020400,신풍면,34020
34020510,중학동,34020
34020580,웅진동,34020
34020590,월송동,34020
34020550,금학동,34020
34020560,옥룡동,34020
34020570,신관동,34020
11120680,수색동,11120
34030110,웅천읍,34030
34030310,주포면,34030
34030320,주교면,34030
34030330,오천면,34030
34030340,천북면,34030
34030350,청소면,34030
34030360,청라면,34030
34030370,남포면,34030
34030380,주산면,34030
34030390,미산면,34030
11120710,진관동,11120
34030400,성주면,34030
34030510,대천1동,34030
34030520,대천2동,34030
34030530,대천3동,34030
34030540,대천4동,34030
34030560,대천5동,34030
34040110,염치읍,34040
34040310,송악면,34040
34040120,배방읍,34040
34040330,탕정면,34040
34040340,음봉면,34040
34040350,둔포면,34040
34040360,영인면,34040
34040370,인주면,34040
34040380,선장면,34040
34040390,도고면,34040
34040400,신창면,34040
34040510,온양1동,34040
34040520,온양2동,34040
34040530,온양3동,34040
34040540,온양4동,34040
34040550,온양5동,34040
34040560,온양6동,34040
34050110,대산읍,34050
34050310,인지면,34050
34050320,부석면,34050
11020540,회현동,11020
34050330,팔봉면,34050
34050340,지곡면,34050
34050350,성연면,34050
34050360,음암면,34050
34050370,운산면,34050
34050380,해미면,34050
34050390,고북면,34050
34050510,부춘동,34050
34050520,동문1동,34050
34050530,동문2동,34050
11130730,충현동,11130
34050540,수석동,34050
34050550,석남동,34050
34060110,강경읍,34060
34060120,연무읍,34060
34060310,성동면,34060
34060320,광석면,34060
34060330,노성면,34060
34060340,상월면,34060
34060350,부적면,34060
34060360,연산면,34060
34060370,벌곡면,34060
34060380,양촌면,34060
34060390,가야곡면,34060
34060400,은진면,34060
34060410,채운면,34060
34060510,취암동,34060
34060520,부창동,34060
11130520,천연동,11130
34070310,두마면,34070
34070330,엄사면,34070
34070510,금암동,34070
34070340,신도안면,34070
34510110,금산읍,34510
34510310,금성면,34510
34510320,제원면,34510
11130740,북아현동,11130
34510330,부리면,34510
34510340,군북면,34510
34510350,남일면,34510
34510360,남이면,34510
34510370,진산면,34510
34510380,복수면,34510
34510390,추부면,34510
34530110,부여읍,34530
11130750,신촌동,11130
34530310,규암면,34530
34530320,은산면,34530
34530330,외산면,34530
34530340,내산면,34530
34530350,구룡면,34530
34530360,홍산면,34530
34530370,옥산면,34530
34530380,남면,34530
34530390,충화면,34530
34530400,양화면,34530
34530410,임천면,34530
34530420,장암면,34530
34530430,세도면,34530
34530440,석성면,34530
34530450,초촌면,34530
34540110,장항읍,34540
34540120,서천읍,34540
34540310,마서면,34540
11130760,연희동,11130
34540320,화양면,34540
34540330,기산면,34540
34540340,한산면,34540
34540350,마산면,34540
34540360,시초면,34540
34540370,문산면,34540
34540380,판교면,34540
34540390,종천면,34540
34540400,비인면,34540
34540410,서면,34540
34550110,청양읍,34550
34550310,운곡면,34550
34550320,대치면,34550
34550330,정산면,34550
34550340,목면,34550
34550350,청남면,34550
34550360,장평면,34550
34550370,남양면,34550
11020550,명동,11020
34550380,화성면,34550
34550390,비봉면,34550
34560110,홍성읍,34560
34560120,광천읍,34560
34560130,홍북읍,34560
34560320,금마면,34560
34560330,홍동면,34560
34560340,장곡면,34560
11130620,홍제1동,11130
34560350,은하면,34560
34560360,결성면,34560
34560370,서부면,34560
34560380,갈산면,34560
34560390,구항면,34560
34570110,예산읍,34570
34570120,삽교읍,34570
34570310,대술면,34570
34570320,신양면,34570
34570330,광시면,34570
34570340,대흥면,34570
34570350,응봉면,34570
34570360,덕산면,34570
34570370,봉산면,34570
34570380,고덕면,34570
34570390,신암면,34570
34570400,오가면,34570
11130640,홍제3동,11130
34580110,태안읍,34580
34580120,안면읍,34580
34580310,고남면,34580
34580320,남면,34580
34580330,근흥면,34580
34580340,소원면,34580
34580350,원북면,34580
34580360,이원면,34580
11130650,홍제2동,11130
34080510,당진1동,34080
34080520,당진2동,34080
34080530,당진3동,34080
34080110,합덕읍,34080
34080120,송악읍,34080
34080310,고대면,34080
34080320,석문면,34080
34080330,대호지면,34080
34080340,정미면,34080
11130660,홍은1동,11130
34080350,면천면,34080
34080360,순성면,34080
34080370,우강면,34080
34080380,신평면,34080
34080390,송산면,34080
35011740,중앙동,35011
35011750,풍남동,35011
35011760,노송동,35011
35011770,완산동,35011
11130680,홍은2동,11130
35011600,동서학동,35011
35011610,서서학동,35011
35011620,중화산1동,35011
35011630,중화산2동,35011
35011640,평화1동,35011
35011650,평화2동,35011
35011660,서신동,35011
35011670,삼천1동,35011
35011680,삼천2동,35011
35011690,삼천3동,35011
11130690,남가좌1동,11130
35011700,효자1동,35011
35011710,효자2동,35011
35011720,효자3동,35011
35011780,효자4동,35011
35011790,효자5동,35011
35012690,진북동,35012
35012540,인후1동,35012
11130700,남가좌2동,11130
35012550,인후2동,35012
35012560,인후3동,35012
35012570,덕진동,35012
35012580,금암1동,35012
35012590,금암2동,35012
35012600,팔복동,35012
35012610,우아1동,35012
35012620,우아2동,35012
35012630,호성동,35012
35012650,송천1동,35012
11020570,필동,11020
11130710,북가좌1동,11130
35012660,송천2동,35012
35012670,조촌동,35012
35012710,여의동,35012
35012700,혁신동,35012
35020110,옥구읍,35020
35020310,옥산면,35020
35020320,회현면,35020
35020330,임피면,35020
11130720,북가좌2동,11130
35020340,서수면,35020
35020350,대야면,35020
35020360,개정면,35020
35020370,성산면,35020
35020380,나포면,35020
35020390,옥도면,35020
35020400,옥서면,35020
35020510,해신동,35020
35020530,월명동,35020
35020560,삼학동,35020
35020550,신풍동,35020
35020600,중앙동,35020
35020640,흥남동,35020
35020650,조촌동,35020
35020660,경암동,35020
35020670,구암동,35020
35020680,개정동,35020
35020690,수송동,35020
35020700,나운1동,35020
35020710,나운2동,35020
35020740,나운3동,35020
35020720,소룡동,35020
35020730,미성동,35020
35030110,함열읍,35030
35030310,오산면,35030
11140770,공덕동,11140
35030320,황등면,35030
35030330,함라면,35030
35030340,웅포면,35030
35030350,성당면,35030
35030360,용안면,35030
35030370,낭산면,35030
35030380,망성면,35030
35030390,여산면,35030
35030400,금마면,35030
35030410,왕궁면,35030
35030420,춘포면,35030
35030430,삼기면,35030
35030440,용동면,35030
35030510,중앙동,35030
35030530,평화동,35030
35030550,인화동,35030
35030570,동산동,35030
35030580,마동,35030
35030590,남중동,35030
35030610,모현동,35030
35030620,송학동,35030
35030650,신동,35030
35030660,영등1동,35030
35030690,팔봉동,35030
35030700,삼성동,35030
35030710,영등2동,35030
35030720,어양동,35030
35040110,신태인읍,35040
11140780,아현동,11140
35040310,북면,35040
35040320,입암면,35040
35040330,소성면,35040
35040340,고부면,35040
35040350,영원면,35040
35040360,덕천면,35040
35040370,이평면,35040
35040380,정우면,35040
35040390,태인면,35040
35040400,감곡면,35040
35040410,옹동면,35040
35040420,칠보면,35040
35040430,산내면,35040
35040440,산외면,35040
35040510,수성동,35040
35040520,장명동,35040
35040530,내장상동,35040
35040540,시기동,35040
35040600,초산동,35040
35040570,연지동,35040
35040580,농소동,35040
35040590,상교동,35040
35050110,운봉읍,35050
35050310,주천면,35050
35050320,수지면,35050
35050330,송동면,35050
35050340,주생면,35050
35050350,금지면,35050
11020580,장충동,11020
11140750,도화동,11140
35050360,대강면,35050
35050370,대산면,35050
35050380,사매면,35050
35050390,덕과면,35050
35050400,보절면,35050
35050410,산동면,35050
35050420,이백면,35050
35050430,인월면,35050
35050440,아영면,35050
35050450,산내면,35050
35050510,동충동,35050
35050520,죽항동,35050
35050540,노암동,35050
35050550,금동,35050
35050560,왕정동,35050
35050570,향교동,35050
35050590,도통동,35050
35060110,만경읍,35060
11140590,용강동,11140
35060310,죽산면,35060
35060320,백산면,35060
35060330,용지면,35060
35060340,백구면,35060
35060350,부량면,35060
35060360,공덕면,35060
35060370,청하면,35060
35060380,성덕면,35060
35060390,진봉면,35060
35060400,금구면,35060
11140600,대흥동,11140
35060410,봉남면,35060
35060420,황산면,35060
35060430,금산면,35060
35060440,광활면,35060
35060510,요촌동,35060
35060520,신풍동,35060
35060540,검산동,35060
35060580,교월동,35060
35510110,삼례읍,35510
35510120,봉동읍,35510
35510130,용진읍,35510
35510320,상관면,35510
35510330,이서면,35510
35510340,소양면,35510
35510350,구이면,35510
35510360,고산면,35510
35510370,비봉면,35510
35510380,운주면,35510
11140610,염리동,11140
35510390,화산면,35510
35510400,동상면,35510
35510410,경천면,35510
35520110,진안읍,35520
35520310,용담면,35520
35520320,안천면,35520
35520330,동향면,35520
35520340,상전면,35520
11140630,신수동,11140
35520350,백운면,35520
35520360,성수면,35520
35520370,마령면,35520
35520380,부귀면,35520
35520390,정천면,35520
35520400,주천면,35520
35530110,무주읍,35530
35530310,무풍면,35530
11140760,서강동,11140
35530320,설천면,35530
35530330,적상면,35530
35530340,안성면,35530
35530350,부남면,35530
35540110,장수읍,35540
35540310,산서면,35540
35540320,번암면,35540
35540330,장계면,35540
35540340,천천면,35540
35540350,계남면,35540
35540360,계북면,35540
35550110,임실읍,35550
35550310,청웅면,35550
35550320,운암면,35550
35550330,신평면,35550
35550340,성수면,35550
11140660,서교동,11140
35550350,오수면,35550
35550360,신덕면,35550
35550370,삼계면,35550
35550380,관촌면,35550
35550390,강진면,35550
35550400,덕치면,35550
35550410,지사면,35550
35560110,순창읍,35560
11020590,광희동,11020
35560310,인계면,35560
35560320,동계면,35560
35560330,적성면,35560
35560340,유등면,35560
35560350,풍산면,35560
35560360,금과면,35560
35560370,팔덕면,35560
35560380,복흥면,35560
35560390,쌍치면,35560
35560400,구림면,35560
11140680,합정동,11140
35570110,고창읍,35570
35570310,고수면,35570
35570320,아산면,35570
35570330,무장면,35570
35570340,공음면,35570
35570350,상하면,35570
35570360,해리면,35570
35570370,성송면,35570
11140690,망원1동,11140
35570380,대산면,35570
35570390,심원면,35570
35570400,흥덕면,35570
35570410,성내면,35570
35570420,신림면,35570
35570430,부안면,35570
35580110,부안읍,35580
35580310,주산면,35580
11140700,망원2동,11140
35580320,동진면,35580
35580330,행안면,35580
35580340,계화면,35580
35580350,보안면,35580
35580360,변산면,35580
35580370,진서면,35580
35580380,백산면,35580
35580390,상서면,35580
35580400,하서면,35580
35580410,줄포면,35580
11140710,연남동,11140
35580420,위도면,35580
36010510,용당1동,36010
36010520,용당2동,36010
36010530,연동,36010
36010550,산정동,36010
11140720,성산1동,11140
36010560,연산동,36010
36010570,원산동,36010
36010580,대성동,36010
36010600,목원동,36010
36010620,동명동,36010
36010630,삼학동,36010
36010640,만호동,36010
36010650,유달동,36010
11140730,성산2동,11140
36010670,죽교동,36010
36010680,북항동,36010
36010690,용해동,36010
36010700,이로동,36010
36010710,상동,36010
36010720,하당동,36010
36010730,신흥동,36010
36010740,삼향동,36010
36010750,옥암동,36010
11140740,상암동,11140
36010760,부흥동,36010
36010770,부주동,36010
36020110,돌산읍,36020
36020310,소라면,36020
36020320,율촌면,36020
36020330,화양면,36020
36020340,남면,36020
36020350,화정면,36020
36020360,삼산면,36020
36020510,동문동,36020
36020520,한려동,36020
36020530,중앙동,36020
36020540,충무동,36020
36020550,광림동,36020
36020560,서강동,36020
36020570,대교동,36020
36020580,국동,36020
36020590,월호동,36020
36020600,여서동,36020
36020610,문수동,36020
36020620,미평동,36020
36020630,둔덕동,36020
36020640,만덕동,36020
36020650,쌍봉동,36020
36020660,시전동,36020
36020670,여천동,36020
36020680,주삼동,36020
36020690,삼일동,36020
11020600,을지로동,11020
11150510,목1동,11150
36020700,묘도동,36020
36030110,승주읍,36030
36030310,주암면,36030
36030320,송광면,36030
36030330,외서면,36030
36030340,낙안면,36030
36030350,별량면,36030
11150520,목2동,11150
36030360,상사면,36030
36030370,해룡면,36030
36030380,서면,36030
36030390,황전면,36030
36030400,월등면,36030
36030510,향동,36030
36030540,매곡동,36030
36030550,삼산동,36030
36030560,조곡동,36030
36030570,덕연동,36030
11150530,목3동,11150
36030580,풍덕동,36030
36030590,남제동,36030
36030600,저전동,36030
36030610,장천동,36030
36030620,중앙동,36030
36030630,도사동,36030
36030660,왕조1동,36030
36030670,왕조2동,36030
11150540,목4동,11150
36040110,남평읍,36040
36040310,세지면,36040
36040320,왕곡면,36040
36040330,반남면,36040
36040340,공산면,36040
36040350,동강면,36040
36040360,다시면,36040
36040370,문평면,36040
36040380,노안면,36040
36040390,금천면,36040
11150710,목5동,11150
36040400,산포면,36040
36040410,다도면,36040
36040420,봉황면,36040
36040510,송월동,36040
36040520,영강동,36040
36040540,금남동,36040
36040550,성북동,36040
36040580,영산동,36040
36040600,이창동,36040
36040610,빛가람동,36040
36060110,광양읍,36060
36060310,봉강면,36060
36060320,옥룡면,36060
36060330,옥곡면,36060
36060340,진상면,36060
36060350,진월면,36060
36060360,다압면,36060
36060510,골약동,36060
11150570,신월1동,11150
36060530,중마동,36060
36060540,광영동,36060
36060550,태인동,36060
36060560,금호동,36060
36510110,담양읍,36510
36510310,봉산면,36510
36510320,고서면,36510
36510420,가사문학면,36510
11150580,신월2동,11150
36510340,창평면,36510
36510350,대덕면,36510
36510360,무정면,36510
36510370,금성면,36510
36510380,용면,36510
36510390,월산면,36510
36510400,수북면,36510
36510410,대전면,36510
11150590,신월3동,11150
36520110,곡성읍,36520
36520310,오곡면,36520
36520320,삼기면,36520
36520330,석곡면,36520
36520340,목사동면,36520
36520350,죽곡면,36520
36520360,고달면,36520
36520370,옥과면,36520
36520380,입면,36520
36520390,겸면,36520
11150600,신월4동,11150
36520400,오산면,36520
36530110,구례읍,36530
36530310,문척면,36530
36530320,간전면,36530
36530330,토지면,36530
36530340,마산면,36530
36530350,광의면,36530
36530360,용방면,36530
11020650,신당5동,11020
11150610,신월5동,11150
36530370,산동면,36530
36550110,고흥읍,36550
36550120,도양읍,36550
36550310,풍양면,36550
36550320,도덕면,36550
36550330,금산면,36550
36550340,도화면,36550
36550350,포두면,36550
11150620,신월6동,11150
36550360,봉래면,36550
36550370,동일면,36550
36550380,점암면,36550
36550390,영남면,36550
36550400,과역면,36550
36550410,남양면,36550
36550420,동강면,36550
36550430,대서면,36550
36550440,두원면,36550
11150630,신월7동,11150
36560110,보성읍,36560
36560120,벌교읍,36560
36560310,노동면,36560
36560320,미력면,36560
36560330,겸백면,36560
36560340,율어면,36560
36560350,복내면,36560
36560360,문덕면,36560
36560370,조성면,36560
11150640,신정1동,11150
36560380,득량면,36560
36560390,회천면,36560
36560400,웅치면,36560
36570111,화순읍,36570
36570310,한천면,36570
36570320,춘양면,36570
36570330,청풍면,36570
36570340,이양면,36570
11150650,신정2동,11150
36570350,능주면,36570
36570360,도곡면,36570
36570370,도암면,36570
36570380,이서면,36570
36570430,백아면,36570
36570400,동복면,36570
36570440,사평면,36570
36570420,동면,36570
11150660,신정3동,11150
36580110,장흥읍,36580
36580120,관산읍,36580
36580130,대덕읍,36580
36580310,용산면,36580
36580320,안양면,36580
36580330,장동면,36580
36580340,장평면,36580
36580350,유치면,36580
36580360,부산면,36580
36580370,회진면,36580
11150720,신정4동,11150
36590110,강진읍,36590
36590310,군동면,36590
36590320,칠량면,36590
36590330,대구면,36590
36590340,마량면,36590
36590350,도암면,36590
36590360,신전면,36590
36590370,성전면,36590
36590380,작천면,36590
36590390,병영면,36590
36590400,옴천면,36590
36600110,해남읍,36600
36600310,삼산면,36600
36600320,화산면,36600
36600330,현산면,36600
36600340,송지면,36600
11150690,신정6동,11150
36600350,북평면,36600
36600360,북일면,36600
36600370,옥천면,36600
36600380,계곡면,36600
36600390,마산면,36600
36600400,황산면,36600
36600410,산이면,36600
36600420,문내면,36600
36600430,화원면,36600
11150700,신정7동,11150
36610110,영암읍,36610
36610120,삼호읍,36610
36610310,덕진면,36610
36610320,금정면,36610
36610330,신북면,36610
36610340,시종면,36610
36610350,도포면,36610
36610360,군서면,36610
36610370,서호면,36610
11020670,황학동,11020
36610380,학산면,36610
36610390,미암면,36610
36620110,무안읍,36620
36620120,일로읍,36620
36620130,삼향읍,36620
36620320,몽탄면,36620
36620330,청계면,36620
36620340,현경면,36620
36620350,망운면,36620
36620360,해제면,36620
36620370,운남면,36620
36630110,함평읍,36630
36630310,손불면,36630
36630320,신광면,36630
36630330,학교면,36630
36630340,엄다면,36630
11160510,염창동,11160
36630350,대동면,36630
36630360,나산면,36630
36630370,해보면,36630
36630380,월야면,36630
36640110,영광읍,36640
36640120,백수읍,36640
36640130,홍농읍,36640
36640310,대마면,36640
11160520,등촌1동,11160
36640320,묘량면,36640
36640330,불갑면,36640
36640340,군서면,36640
36640350,군남면,36640
36640360,염산면,36640
36640370,법성면,36640
36640380,낙월면,36640
36650110,장성읍,36650
11160530,등촌2동,11160
36650310,진원면,36650
36650320,남면,36650
36650330,동화면,36650
36650340,삼서면,36650
36650350,삼계면,36650
36650360,황룡면,36650
36650370,서삼면,36650
36650380,북일면,36650
36650390,북이면,36650
36650400,북하면,36650
11160540,등촌3동,11160
36660110,완도읍,36660
36660120,금일읍,36660
36660130,노화읍,36660
36660310,군외면,36660
36660320,신지면,36660
36660330,고금면,36660
36660340,약산면,36660
36660350,청산면,36660
11160550,화곡본동,11160
36660360,소안면,36660
36660370,금당면,36660
36660380,보길면,36660
36660390,생일면,36660
36670110,진도읍,36670
36670310,군내면,36670
36670320,고군면,36670
36670330,의신면,36670
11160730,화곡1동,11160
36670340,임회면,36670
36670350,지산면,36670
36670360,조도면,36670
36680110,지도읍,36680
36680120,압해읍,36680
36680310,증도면,36680
36680320,임자면,36680
36680330,자은면,36680
36680340,비금면,36680
36680350,도초면,36680
36680360,흑산면,36680
36680370,하의면,36680
36680380,신의면,36680
36680390,장산면,36680
36680400,안좌면,36680
36680410,팔금면,36680
36680420,암태면,36680
11160570,화곡2동,11160
37011110,구룡포읍,37011
37011120,연일읍,37011
37011130,오천읍,37011
37011310,대송면,37011
37011320,동해면,37011
37011330,장기면,37011
11020680,중림동,11020
11160580,화곡3동,11160
37011350,호미곶면,37011
37011600,상대동,37011
37011610,해도동,37011
37011550,송도동,37011
37011560,청림동,37011
37011570,제철동,37011
37011580,효곡동,37011
37011590,대이동,37011
11160590,화곡4동,11160
37012110,흥해읍,37012
37012310,신광면,37012
37012320,청하면,37012
37012330,송라면,37012
37012340,기계면,37012
37012350,죽장면,37012
37012360,기북면,37012
37012670,중앙동,37012
11160740,우장산동,11160
37012580,양학동,37012
37012680,죽도동,37012
37012610,용흥동,37012
37012630,우창동,37012
37012640,두호동,37012
37012650,장량동,37012
37012660,환여동,37012
37020110,감포읍,37020
37020120,안강읍,37020
37020130,건천읍,37020
37020140,외동읍,37020
37020390,문무대왕면,37020
37020320,양남면,37020
37020330,내남면,37020
37020340,산내면,37020
37020350,서면,37020
11160610,화곡6동,11160
37020360,현곡면,37020
37020370,강동면,37020
37020380,천북면,37020
37020510,중부동,37020
37020680,황오동,37020
37020550,성건동,37020
37020690,황남동,37020
37020580,월성동,37020
11160630,화곡8동,11160
37020590,선도동,37020
37020620,용강동,37020
37020630,황성동,37020
37020640,동천동,37020
37020660,불국동,37020
37020670,보덕동,37020
37030110,아포읍,37030
37030310,농소면,37030
11160640,가양1동,11160
37030320,남면,37030
37030330,개령면,37030
37030340,감문면,37030
37030350,어모면,37030
37030360,봉산면,37030
37030370,대항면,37030
37030380,감천면,37030
37030390,조마면,37030
37030400,구성면,37030
37030410,지례면,37030
11160650,가양2동,11160
37030420,부항면,37030
37030430,대덕면,37030
37030440,증산면,37030
37030600,자산동,37030
37030610,평화남산동,37030
37030550,양금동,37030
37030560,대신동,37030
37030580,대곡동,37030
11160660,가양3동,11160
37030590,지좌동,37030
37030620,율곡동,37030
37040110,풍산읍,37040
37040310,와룡면,37040
37040320,북후면,37040
37040330,서후면,37040
37040340,풍천면,37040
37040350,일직면,37040
11160670,발산1동,11160
37040360,남후면,37040
37040370,남선면,37040
37040380,임하면,37040
37040390,길안면,37040
37040400,임동면,37040
37040410,예안면,37040
37040420,도산면,37040
37040430,녹전면,37040
37040510,중구동,37040
37040520,명륜동,37040
11020690,신당동,11020
11160690,공항동,11160
37040540,용상동,37040
37040620,서구동,37040
37040560,태화동,37040
37040580,평화동,37040
37040590,안기동,37040
37040600,옥동,37040
37040610,송하동,37040
37040630,강남동,37040
11160700,방화1동,11160
37050110,선산읍,37050
37050120,고아읍,37050
37050310,무을면,37050
37050320,옥성면,37050
37050330,도개면,37050
37050340,해평면,37050
37050130,산동읍,37050
37050360,장천면,37050
37050510,송정동,37050
37050750,원평동,37050
11160710,방화2동,11160
37050750,원평동,37050
37050550,도량동,37050
37050560,지산동,37050
37050570,선주원남동,37050
37050590,형곡1동,37050
37050600,형곡2동,37050
37050610,신평1동,37050
37050620,신평2동,37050
11160720,방화3동,11160
37050730,비산동,37050
37050730,비산동,37050
37050740,공단동,37050
37050660,광평동,37050
37050670,상모사곡동,37050
37050690,임오동,37050
37050700,인동동,37050
37050710,진미동,37050
37050720,양포동,37050
37060110,풍기읍,37060
37060310,이산면,37060
37060320,평은면,37060
37060330,문수면,37060
37060340,장수면,37060
37060350,안정면,37060
37060360,봉현면,37060
37060370,순흥면,37060
37060380,단산면,37060
37060390,부석면,37060
37060510,상망동,37060
37060530,하망동,37060
37060550,영주1동,37060
37060580,영주2동,37060
37060590,휴천1동,37060
37060600,휴천2동,37060
37060610,휴천3동,37060
37060620,가흥1동,37060
11170510,신도림동,11170
37060630,가흥2동,37060
37070110,금호읍,37070
37070310,청통면,37070
37070320,신녕면,37070
37070330,화산면,37070
37070340,화북면,37070
37070350,화남면,37070
37070360,자양면,37070
11170520,구로1동,11170
37070370,임고면,37070
37070380,고경면,37070
37070390,북안면,37070
37070400,대창면,37070
37070510,동부동,37070
37070520,중앙동,37070
37070530,서부동,37070
37070540,완산동,37070
37070550,남부동,37070
11170710,구로2동,11170
37080110,함창읍,37080
37080480,사벌국면,37080
37080320,중동면,37080
37080330,낙동면,37080
37080340,청리면,37080
37080350,공성면,37080
37080360,외남면,37080
37080370,내서면,37080
37080380,모동면,37080
37080390,모서면,37080
37080400,화동면,37080
37080410,화서면,37080
37080420,화북면,37080
37080430,외서면,37080
37080440,은척면,37080
37080450,공검면,37080
37080460,이안면,37080
37080470,화남면,37080
37080520,남원동,37080
11020700,다산동,11020
11170540,구로3동,11170
37080530,북문동,37080
37080540,계림동,37080
37080550,동문동,37080
37080560,동성동,37080
37080570,신흥동,37080
37090110,문경읍,37090
37090120,가은읍,37090
37090310,영순면,37090
11170550,구로4동,11170
37090320,산양면,37090
37090330,호계면,37090
37090340,산북면,37090
37090350,동로면,37090
37090360,마성면,37090
37090370,농암면,37090
37090570,점촌1동,37090
37090580,점촌2동,37090
37090590,점촌3동,37090
37090600,점촌4동,37090
37090610,점촌5동,37090
37100110,하양읍,37100
37100120,진량읍,37100
37100310,와촌면,37100
37100320,자인면,37100
37100330,용성면,37100
37100340,남산면,37100
37100130,압량읍,37100
11170560,구로5동,11170
37100360,남천면,37100
37100510,중앙동,37100
37100520,동부동,37100
37100530,서부1동,37100
37100570,서부2동,37100
37100540,남부동,37100
37100550,북부동,37100
37100560,중방동,37100
11170700,가리봉동,11170
22520111,군위읍,22520
22520311,소보면,22520
22520312,효령면,22520
22520313,부계면,22520
22520314,우보면,22520
22520315,의흥면,22520
22520316,산성면,22520
22520317,삼국유사면,22520
37520110,의성읍,37520
37520310,단촌면,37520
37520320,점곡면,37520
37520330,옥산면,37520
37520340,사곡면,37520
37520350,춘산면,37520
37520360,가음면,37520
37520370,금성면,37520
37520380,봉양면,37520
37520390,비안면,37520
11170610,고척1동,11170
37520400,구천면,37520
37520410,단밀면,37520
37520420,단북면,37520
37520430,안계면,37520
37520440,다인면,37520
37520450,신평면,37520
37520460,안평면,37520
37520470,안사면,37520
11170620,고척2동,11170
37530110,청송읍,37530
37530380,주왕산면,37530
37530320,부남면,37530
37530330,현동면,37530
37530340,현서면,37530
37530350,안덕면,37530
37530360,파천면,37530
37530370,진보면,37530
11170720,개봉1동,11170
37540110,영양읍,37540
37540310,입암면,37540
37540320,청기면,37540
37540330,일월면,37540
37540340,수비면,37540
37540350,석보면,37540
37550110,영덕읍,37550
37550310,강구면,37550
37550320,남정면,37550
37550330,달산면,37550
37550340,지품면,37550
37550350,축산면,37550
37550360,영해면,37550
37550370,병곡면,37550
37550380,창수면,37550
37560110,화양읍,37560
11020710,약수동,11020
11170640,개봉2동,11170
37560120,청도읍,37560
37560310,각남면,37560
37560320,풍각면,37560
37560330,각북면,37560
37560340,이서면,37560
37560350,운문면,37560
37560360,금천면,37560
37560370,매전면,37560
11170650,개봉3동,11170
37570120,대가야읍,37570
37570310,덕곡면,37570
37570320,운수면,37570
37570330,성산면,37570
37570340,다산면,37570
37570350,개진면,37570
37570360,우곡면,37570
37570370,쌍림면,37570
11170670,오류1동,11170
37580110,성주읍,37580
37580310,선남면,37580
37580320,용암면,37580
37580330,수륜면,37580
37580340,가천면,37580
37580350,금수면,37580
37580360,대가면,37580
37580370,벽진면,37580
37580380,초전면,37580
37580390,월항면,37580
11170730,오류2동,11170
37590110,왜관읍,37590
37590120,북삼읍,37590
37590130,석적읍,37590
37590310,지천면,37590
37590320,동명면,37590
37590330,가산면,37590
37590360,약목면,37590
37590370,기산면,37590
11170690,수궁동,11170
37600110,예천읍,37600
37600310,용문면,37600
37600420,효자면,37600
37600430,은풍면,37600
37600340,감천면,37600
37600350,보문면,37600
37600360,호명면,37600
37600370,유천면,37600
37600380,용궁면,37600
37600390,개포면,37600
37600400,지보면,37600
37600410,풍양면,37600
37610110,봉화읍,37610
37610310,물야면,37610
37610320,봉성면,37610
37610330,법전면,37610
37610340,춘양면,37610
37610350,소천면,37610
37610360,석포면,37610
37610370,재산면,37610
37610380,명호면,37610
37610390,상운면,37610
37620110,울진읍,37620
37620120,평해읍,37620
11180510,가산동,11180
37620310,북면,37620
37620390,금강송면,37620
37620330,근남면,37620
37620400,매화면,37620
37620350,기성면,37620
37620360,온정면,37620
37620370,죽변면,37620
37620380,후포면,37620
11180520,독산1동,11180
37630110,울릉읍,37630
37630310,서면,37630
37630320,북면,37630
38111110,동읍,38111
38111310,북면,38111
11180530,독산2동,11180
38111320,대산면,38111
38111510,의창동,38111
38111520,팔룡동,38111
38111530,명곡동,38111
38111540,봉림동,38111
38112580,용지동,38112
38112510,반송동,38112
38112520,중앙동,38112
11020720,청구동,11020
11180540,독산3동,11180
38112530,상남동,38112
38112540,사파동,38112
38112550,가음정동,38112
38112560,성주동,38112
38112570,웅남동,38112
38113310,구산면,38113
38113320,진동면,38113
38113330,진북면,38113
38113340,진전면,38113
38113510,현동,38113
38113520,가포동,38113
38113530,월영동,38113
38113540,문화동,38113
38113660,반월중앙동,38113
38113570,완월동,38113
38113580,자산동,38113
11180550,독산4동,11180
38113670,오동동,38113
38113680,교방동,38113
38113680,교방동,38113
38113640,합포동,38113
38113650,산호동,38113
38114110,내서읍,38114
11180570,시흥1동,11180
38114510,회원1동,38114
38114520,회원2동,38114
38114630,석전동,38114
38114550,회성동,38114
38114560,양덕1동,38114
38114570,양덕2동,38114
38114580,합성1동,38114
38114590,합성2동,38114
38114600,구암1동,38114
38114610,구암2동,38114
38114620,봉암동,38114
38030110,문산읍,38030
38030310,내동면,38030
38030320,정촌면,38030
38030330,금곡면,38030
38030340,진성면,38030
38030350,일반성면,38030
11180580,시흥2동,11180
38030360,이반성면,38030
38030370,사봉면,38030
38030380,지수면,38030
38030390,대곡면,38030
38030400,금산면,38030
38030410,집현면,38030
38030420,미천면,38030
38030430,명석면,38030
38030440,대평면,38030
38030450,수곡면,38030
11180590,시흥3동,11180
38030720,천전동,38030
38030730,성북동,38030
38030750,상봉동,38030
38030740,중앙동,38030
11180600,시흥4동,11180
38030770,상대동,38030
38030780,하대동,38030
38030650,상평동,38030
38030660,초장동,38030
38030670,평거동,38030
38030680,신안동,38030
38030690,이현동,38030
38030700,판문동,38030
11180610,시흥5동,11180
38030710,가호동,38030
38030760,충무공동,38030
38115660,충무동,38115
38115660,충무동,38115
38115660,충무동,38115
38115540,여좌동,38115
38115550,태백동,38115
38115560,경화동,38115
38115570,병암동,38115
38115580,석동,38115
38115590,이동,38115
38115600,자은동,38115
38115610,덕산동,38115
38115620,풍호동,38115
38115630,웅천동,38115
38115640,웅동1동,38115
38115650,웅동2동,38115
11020730,동화동,11020
38050110,산양읍,38050
38050310,용남면,38050
38050320,도산면,38050
38050330,광도면,38050
38050340,욕지면,38050
38050350,한산면,38050
38050360,사량면,38050
38050620,도천동,38050
11190730,영등포본동,11190
38050520,명정동,38050
38050530,중앙동,38050
38050540,정량동,38050
38050550,북신동,38050
38050560,무전동,38050
38050630,미수동,38050
38050640,봉평동,38050
38060110,사천읍,38060
38060310,정동면,38060
38060320,사남면,38060
38060330,용현면,38060
38060340,축동면,38060
38060350,곤양면,38060
38060360,곤명면,38060
38060370,서포면,38060
38060510,동서동,38060
11190740,영등포동,11190
38060520,선구동,38060
38060530,동서금동,38060
38060550,벌룡동,38060
38060570,향촌동,38060
38060590,남양동,38060
38070110,진영읍,38070
38070610,장유1동,38070
38070620,장유2동,38070
38070630,장유3동,38070
38070320,주촌면,38070
38070330,진례면,38070
38070340,한림면,38070
38070350,생림면,38070
38070360,상동면,38070
38070370,대동면,38070
38070510,동상동,38070
38070520,회현동,38070
38070530,부원동,38070
11190540,여의동,11190
38070540,내외동,38070
38070550,북부동,38070
38070560,칠산서부동,38070
38070580,활천동,38070
38070590,삼안동,38070
38070600,불암동,38070
38080110,삼랑진읍,38080
38080120,하남읍,38080
11190550,당산1동,11190
38080310,부북면,38080
38080320,상동면,38080
38080330,산외면,38080
38080340,산내면,38080
38080350,단장면,38080
38080360,상남면,38080
38080370,초동면,38080
38080380,무안면,38080
38080390,청도면,38080
38080510,내일동,38080
11190560,당산2동,11190
38080520,내이동,38080
38080530,교동,38080
38080540,삼문동,38080
38080550,가곡동,38080
38090570,장평동,38090
38090580,고현동,38090
38090590,상문동,38090
38090600,수양동,38090
11190750,도림동,11190
38090310,일운면,38090
38090320,동부면,38090
38090330,남부면,38090
38090340,거제면,38090
38090350,둔덕면,38090
38090360,사등면,38090
38090370,연초면,38090
38090380,하청면,38090
38090390,장목면,38090
38090610,장승포동,38090
38090530,능포동,38090
38090540,아주동,38090
38090550,옥포1동,38090
38090560,옥포2동,38090
38100540,서창동,38100
38100550,소주동,38100
38100560,평산동,38100
11190760,문래동,11190
38100570,덕계동,38100
38100120,물금읍,38100
38100310,동면,38100
38100320,원동면,38100
38100330,상북면,38100
38100340,하북면,38100
38100580,중앙동,38100
38100590,양주동,38100
38100520,삼성동,38100
38100530,강서동,38100
38510110,의령읍,38510
38510310,가례면,38510
38510320,칠곡면,38510
38510330,대의면,38510
38510340,화정면,38510
38510350,용덕면,38510
38510360,정곡면,38510
38510370,지정면,38510
11190610,양평1동,11190
38510380,낙서면,38510
38510390,부림면,38510
38510400,봉수면,38510
38510410,궁류면,38510
38510420,유곡면,38510
38520110,가야읍,38520
38520310,함안면,38520
38520320,군북면,38520
11190620,양평2동,11190
38520330,법수면,38520
38520340,대산면,38520
38520350,칠서면,38520
38520360,칠북면,38520
38520120,칠원읍,38520
38520380,산인면,38520
38520390,여항면,38520
38530110,창녕읍,38530
11190630,신길1동,11190
38530120,남지읍,38530
38530310,고암면,38530
38530320,성산면,38530
38530330,대합면,38530
38530340,이방면,38530
38530350,유어면,38530
38530360,대지면,38530
38530370,계성면,38530
38530380,영산면,38530
38530390,장마면,38530
11190650,신길3동,11190
38530400,도천면,38530
38530410,길곡면,38530
38530420,부곡면,38530
38540110,고성읍,38540
38540310,삼산면,38540
38540320,하일면,38540
38540330,하이면,38540
38540340,상리면,38540
11190660,신길4동,11190
38540350,대가면,38540
38540360,영현면,38540
38540370,영오면,38540
38540380,개천면,38540
38540390,구만면,38540
38540400,회화면,38540
38540410,마암면,38540
38540420,동해면,38540
38540430,거류면,38540
11190670,신길5동,11190
38550110,남해읍,38550
38550310,이동면,38550
38550320,상주면,38550
38550330,삼동면,38550
38550340,미조면,38550
38550350,남면,38550
38550360,서면,38550
38550370,고현면,38550
38550380,설천면,38550
11190680,신길6동,11190
38550390,창선면,38550
38560110,하동읍,38560
38560310,화개면,38560
38560320,악양면,38560
38560330,적량면,38560
38560340,횡천면,38560
38560350,고전면,38560
38560360,금남면,38560
11190690,신길7동,11190
38560370,금성면,38560
38560380,진교면,38560
38560390,양보면,38560
38560400,북천면,38560
38560410,청암면,38560
38560420,옥종면,38560
38570110,산청읍,38570
38570310,차황면,38570
11190700,대림1동,11190
38570320,오부면,38570
38570330,생초면,38570
38570340,금서면,38570
38570350,삼장면,38570
38570360,시천면,38570
38570370,단성면,38570
38570380,신안면,38570
38570390,생비량면,38570
38570400,신등면,38570
11190710,대림2동,11190
38580110,함양읍,38580
38580310,마천면,38580
38580320,휴천면,38580
38580330,유림면,38580
38580340,수동면,38580
38580350,지곡면,38580
38580360,안의면,38580
38580370,서하면,38580
38580380,서상면,38580
11190720,대림3동,11190
38580390,백전면,38580
38580400,병곡면,38580
38590110,거창읍,38590
38590310,주상면,38590
38590320,웅양면,38590
38590330,고제면,38590
38590340,북상면,38590
38590350,위천면,38590
38590360,마리면,38590
38590370,남상면,38590
38590380,남하면,38590
38590390,신원면,38590
38590400,가조면,38590
38590410,가북면,38590
38600110,합천읍,38600
38600310,봉산면,38600
38600320,묘산면,38600
38600330,가야면,38600
38600340,야로면,38600
38600350,율곡면,38600
38600360,초계면,38600
38600370,쌍책면,38600
38600380,덕곡면,38600
38600390,청덕면,38600
38600400,적중면,38600
38600410,대양면,38600
11200720,노량진1동,11200
38600420,쌍백면,38600
38600430,삼가면,38600
38600440,가회면,38600
38600450,대병면,38600
38600460,용주면,38600
39010510,일도1동,39010
39010520,일도2동,39010
39010530,이도1동,39010
39010540,이도2동,39010
39010550,삼도1동,39010
39010560,삼도2동,39010
39010570,용담1동,39010
39010580,용담2동,39010
39010590,건입동,39010
39010600,화북동,39010
39010610,삼양동,39010
11200520,노량진2동,11200
39010620,봉개동,39010
39010630,아라동,39010
39010640,오라동,39010
39010650,연동,39010
39010660,노형동,39010
39010670,외도동,39010
39010680,이호동,39010
39010690,도두동,39010
39010110,한림읍,39010
11200530,상도1동,11200
39010120,애월읍,39010
39010130,구좌읍,39010
39010140,조천읍,39010
39010310,한경면,39010
39010320,추자면,39010
39010330,우도면,39010
39020510,송산동,39020
39020520,정방동,39020
39020530,중앙동,39020
39020540,천지동,39020
39020550,효돈동,39020
39020560,영천동,39020
39020570,동홍동,39020
39020580,서홍동,39020
39020590,대륜동,39020
39020600,대천동,39020
39020610,중문동,39020
39020620,예래동,39020
11030510,후암동,11030
11200540,상도2동,11200
39020110,대정읍,39020
39020120,남원읍,39020
39020130,성산읍,39020
39020310,안덕면,39020
39020320,표선면,39020
23040680,송도4동,23040
23050760,서창2동,23050
31150740,배곧1동,31150
31014680,망포2동,31014
11200550,상도3동,11200
31240691,동탄7동,31240
31070660,용이동,31070
31230640,마산동,31230
31240710,동탄8동,31240
23080860,마전동,23080
11170740,항동,11170
31030710,송산3동,31030
31192640,영덕2동,31192
31192660,보라동,31192
31192680,동백2동,31192
11200560,상도4동,11200
31192690,동백3동,31192
31180670,감일동,31180
22020770,안심4동,22020
22020780,혁신동,22020
24040820,신용동,24040
29010680,다정동,29010
23040690,송도5동,23040
31250560,쌍령동,31250
31250570,탄벌동,31250
31250590,광남2동,31250
11200710,흑석동,11200
23080880,아라동,23080
11250770,상일2동,11250
31160640,송부동,31160
31150750,배곧2동,31150
24030720,효덕동,24030
31191560,삼가동,31191
31193610,죽전3동,31193
31193630,상현3동,31193
29010512,해밀동,29010
31070680,동삭동,31070
29010513,반곡동,29010
25040690,학하동,25040
25040700,상대동,25040
34012630,불당2동,34012
31070690,고덕동,31070
22070790,유천동,22070
31060700,일직동,31060
31101513,삼송2동,31101
31101515,행신4동,31101
31103512,중산2동,31103
31104512,탄현2동,31104
31104514,가좌동,31104
25030512,도안동,25030
31250110,오포읍,31250
31250110,오포읍,31250
31250110,오포읍,31250
31200514,운정4동,31200
31200515,운정5동,31200
31200516,운정6동,31200
29010522,나성동,29010
11200730,사당2동,11200
29010515,어진동,29010
31110522,원문동,31110
31240720,동탄9동,31240
31150760,거북섬동,31150
31260560,회천4동,31260
23010660,영종1동,23010
31140520,대원동,31140
31140540,신장동,31140
31050940,범안동,31052
31030590,송산1동,31030
21120560,녹산동,21120
11200630,사당1동,11200
11200650,사당3동,11200
11030520,용산2가동,11030
11200660,사당4동,11200
11200670,사당5동,11200
11200680,대방동,11200
11200690,신대방1동,11200
11200700,신대방2동,11200
11210780,은천동,11210
11210520,보라매동,11210
11030530,남영동,11030
11210790,성현동,11210
11210540,청림동,11210
11210800,청룡동,11210
11210570,행운동,11210
11210580,낙성대동,11210
11210610,중앙동,11210
11210620,인헌동,11210
11210630,남현동,11210
11030710,청파동,11030
11210640,서원동,11210
11210660,서림동,11210
11210810,난곡동,11210
11210680,신사동,11210
11210690,신림동,11210
11210820,삼성동,11210
11210710,난향동,11210
11210720,조원동,11210
11210730,대학동,11210
11210830,미성동,11210
11220510,서초1동,11220
11220520,서초2동,11220
11220530,서초3동,11220
11220540,서초4동,11220
11030720,원효로1동,11030
11220550,잠원동,11220
11220560,반포본동,11220
11220570,반포1동,11220
11220580,반포2동,11220
11220590,반포3동,11220
11220600,반포4동,11220
11220610,방배본동,11220
11220620,방배1동,11220
11220630,방배2동,11220
11220640,방배3동,11220
11220650,방배4동,11220
11220660,양재1동,11220
11220670,양재2동,11220
11220680,내곡동,11220
11230510,신사동,11230
11230520,논현1동,11230
11230530,논현2동,11230
11230770,압구정동,11230
11010720,청운효자동,11010
11030570,원효로2동,11030
11230780,청담동,11230
11230580,삼성1동,11230
11230590,삼성2동,11230
11230600,대치1동,11230
11230790,대치2동,11230
11230630,대치4동,11230
11230640,역삼1동,11230
11030580,효창동,11030
11230650,역삼2동,11230
11230660,도곡1동,11230
11230670,도곡2동,11230
11230680,개포1동,11230
11230800,개포2동,11230
11230710,개포4동,11230
11230720,일원본동,11230
11230730,일원1동,11230
11230511,개포3동,11230
11030590,용문동,11030
11230750,수서동,11230
11230760,세곡동,11230
11240510,풍납1동,11240
11240520,풍납2동,11240
11240530,거여1동,11240
11240540,거여2동,11240
11240550,마천1동,11240
11240560,마천2동,11240
11030730,한강로동,11030
11240570,방이1동,11240
11240580,방이2동,11240
11240590,오륜동,11240
11240600,오금동,11240
11240610,송파1동,11240
11240620,송파2동,11240
11240630,석촌동,11240
11240640,삼전동,11240
11240650,가락본동,11240
11240660,가락1동,11240
11240670,가락2동,11240
11240680,문정1동,11240
11240690,문정2동,11240
11240810,장지동,11240
11240820,위례동,11240
11240710,잠실본동,11240
11240790,잠실2동,11240
11240800,잠실3동,11240
11030630,이촌1동,11030
11240750,잠실4동,11240
11240770,잠실6동,11240
11240780,잠실7동,11240
11250750,강일동,11250
11250760,상일1동,11250
11250530,명일1동,11250
11250540,명일2동,11250
11250550,고덕1동,11250
11030640,이촌2동,11030
11250560,고덕2동,11250
11250720,암사1동,11250
11250580,암사2동,11250
11250590,암사3동,11250
11250610,천호1동,11250
11250730,천호2동,11250
11250630,천호3동,11250
11250650,성내1동,11250
11030650,이태원1동,11030
11250660,성내2동,11250
11250670,성내3동,11250
11250740,길동,11250
11250700,둔촌1동,11250
11250710,둔촌2동,11250
11030660,이태원2동,11030
21010510,중앙동,21010
21010520,동광동,21010
21010530,대청동,21010
21010540,보수동,21010
21010560,부평동,21010
21010570,광복동,21010
21010580,남포동,21010
21010590,영주1동,21010
21010600,영주2동,21010
11030740,한남동,11030
21020510,동대신1동,21020
21020520,동대신2동,21020
21020530,동대신3동,21020
21020540,서대신1동,21020
21020560,서대신3동,21020
21020570,서대신4동,21020
21020590,부민동,21020
21020610,아미동,21020
21020630,초장동,21020
21020640,충무동,21020
21020650,남부민1동,21020
21020690,남부민2동,21020
21020680,암남동,21020
21030510,초량1동,21030
21030520,초량2동,21030
11030690,서빙고동,11030
21030530,초량3동,21030
21030550,초량6동,21030
21030560,수정1동,21030
21030570,수정2동,21030
21030590,수정4동,21030
21030600,수정5동,21030
21030700,좌천동,21030
11030700,보광동,11030
21030710,범일1동,21030
21030660,범일2동,21030
21030680,범일5동,21030
21040530,남항동,21040
21040540,영선1동,21040
21040550,영선2동,21040
21040680,신선동,21040
21040590,봉래1동,21040
21040690,봉래2동,21040
21040630,청학1동,21040
21040640,청학2동,21040
21040650,동삼1동,21040
21040660,동삼2동,21040
21040670,동삼3동,21040
21050820,부전1동,21050
21050520,부전2동,21050
21050540,연지동,21050
21050550,초읍동,21050
21050560,양정1동,21050
21050570,양정2동,21050
11040710,왕십리도선동,11040
21050830,전포1동,21050
21050610,전포2동,21050
21050640,부암1동,21050
21050660,부암3동,21050
21050800,당감1동,21050
21050680,당감2동,21050
21050700,당감4동,21050
21050810,가야1동,21050
21050720,가야2동,21050
21050740,개금1동,21050
21050750,개금2동,21050
21050760,개금3동,21050
21050770,범천1동,21050
21050840,범천2동,21050
11040520,왕십리2동,11040
21060510,수민동,21060
21060520,복산동,21060
21060650,명륜동,21060
21060550,온천1동,21060
21060560,온천2동,21060
21060570,온천3동,21060
21060580,사직1동,21060
21060590,사직2동,21060
21060600,사직3동,21060
11040540,마장동,11040
21060610,안락1동,21060
21060620,안락2동,21060
21060630,명장1동,21060
21060640,명장2동,21060
21070700,대연1동,21070
21070530,대연3동,21070
21070540,대연4동,21070
11040550,사근동,11040
21070550,대연5동,21070
21070560,대연6동,21070
21070570,용호1동,21070
21070580,용호2동,21070
21070590,용호3동,21070
21070600,용호4동,21070
21070610,용당동,21070
21070620,감만1동,21070
21070630,감만2동,21070
21070710,우암동,21070
11010530,사직동,11010
11040560,행당1동,11040
21070660,문현1동,21070
21070670,문현2동,21070
21070680,문현3동,21070
21070690,문현4동,21070
21080510,구포1동,21080
21080520,구포2동,21080
21080530,구포3동,21080
11040570,행당2동,11040
21080540,금곡동,21080
21080550,화명1동,21080
21080620,화명2동,21080
21080630,화명3동,21080
21080560,덕천1동,21080
21080570,덕천2동,21080
21080580,덕천3동,21080
21080590,만덕1동,21080
21080600,만덕2동,21080
21080610,만덕3동,21080
11040580,응봉동,11040
21090730,우1동,21090
21090740,우2동,21090
21090750,우3동,21090
21090530,중1동,21090
21090540,중2동,21090
21090660,좌1동,21090
21090670,좌2동,21090
21090680,좌3동,21090
11040590,금호1가동,11040
21090690,좌4동,21090
21090560,송정동,21090
21090700,반여1동,21090
21090580,반여2동,21090
21090590,반여3동,21090
21090710,반여4동,21090
21090720,반송1동,21090
21090620,반송2동,21090
21090640,재송1동,21090
11040720,금호2·3가동,11040
21090650,재송2동,21090
21100510,괴정1동,21100
21100520,괴정2동,21100
21100530,괴정3동,21100
21100540,괴정4동,21100
21100550,당리동,21100
21100560,하단1동,21100
21100570,하단2동,21100
21100580,신평1동,21100
21100590,신평2동,21100
21100600,장림1동,21100
21100610,장림2동,21100
21100620,다대1동,21100
21100630,다대2동,21100
21100640,구평동,21100
21100650,감천1동,21100
21100660,감천2동,21100
11040620,금호4가동,11040
21110510,서1동,21110
21110520,서2동,21110
21110720,서3동,21110
21110730,금사회동동,21110
21110570,부곡1동,21110
21110580,부곡2동,21110
21110590,부곡3동,21110
21110600,부곡4동,21110
11040730,옥수동,11040
21110610,장전1동,21110
21110740,장전2동,21110
21110740,장전2동,21110
21110640,선두구동,21110
21110670,청룡노포동,21110
21110680,남산동,21110
21110690,구서1동,21110
21110700,구서2동,21110
21110710,금성동,21110
21120510,대저1동,21120
21120520,대저2동,21120
21120530,강동동,21120
21120590,명지1동,21120
21120600,명지2동,21120
21120550,가락동,21120
21120560,녹산동,21120
21120580,가덕도동,21120
11040650,성수1가1동,11040
21130510,거제1동,21130
21130520,거제2동,21130
21130530,거제3동,21130
21130540,거제4동,21130
21130550,연산1동,21130
21130560,연산2동,21130
21130570,연산3동,21130
21130580,연산4동,21130
21130590,연산5동,21130
11010540,삼청동,11010
11040660,성수1가2동,11040
21130600,연산6동,21130
21130620,연산8동,21130
21130630,연산9동,21130
21140510,남천1동,21140
21140520,남천2동,21140
21140530,수영동,21140
21140540,망미1동,21140
11040670,성수2가1동,11040
21140550,망미2동,21140
21140560,광안1동,21140
21140570,광안2동,21140
21140580,광안3동,21140
21140590,광안4동,21140
21140600,민락동,21140
21150510,삼락동,21150
21150520,모라1동,21150
11040680,성수2가3동,11040
21150540,모라3동,21150
21150550,덕포1동,21150
21150560,덕포2동,21150
21150570,괘법동,21150
21150650,감전동,21150
21150600,주례1동,21150
21150610,주례2동,21150
21150620,주례3동,21150
11040690,송정동,11040
21150630,학장동,21150
21150640,엄궁동,21150
21510110,기장읍,21510
21510120,장안읍,21510
21510111,일광읍,21510
21510130,정관읍,21510
21510330,철마면,21510
11040700,용답동,11040
22010700,동인동,22010
22010540,삼덕동,22010
22010560,성내1동,22010
22010590,성내2동,22010
22010610,성내3동,22010
22010620,대신동,22010
22010640,남산1동,22010
22010650,남산2동,22010
22010660,남산3동,22010
22010670,남산4동,22010
22010680,대봉1동,22010
22010690,대봉2동,22010
22020510,신암1동,22020
22020520,신암2동,22020
22020530,신암3동,22020
22020540,신암4동,22020
22020550,신암5동,22020
22020560,신천1·2동,22020
22020580,신천3동,22020
22020590,신천4동,22020
22020600,효목1동,22020
22020610,효목2동,22020
22020620,도평동,22020
22020630,불로·봉무동,22020
11050670,자양4동,11050
22020650,지저동,22020
22020660,동촌동,22020
22020680,방촌동,22020
22020690,해안동,22020
22020710,공산동,22020
22020730,안심1동,22020
22020740,안심2동,22020
22020760,안심3동,22020
22030510,내당1동,22030
22030520,내당2·3동,22030
22030530,내당4동,22030
22030540,비산1동,22030
22030550,비산2·3동,22030
22030560,비산4동,22030
22030570,비산5동,22030
22030580,비산6동,22030
22030590,비산7동,22030
22030600,평리1동,22030
11050530,화양동,11050
22030610,평리2동,22030
22030620,평리3동,22030
22030630,평리4동,22030
22030640,평리5동,22030
22030650,평리6동,22030
22030660,상중이동,22030
22030680,원대동,22030
22040510,이천동,22040
11010550,부암동,11010
11050540,군자동,11050
22040530,봉덕1동,22040
22040540,봉덕2동,22040
22040550,봉덕3동,22040
22040560,대명1동,22040
22040570,대명2동,22040
22040580,대명3동,22040
22040590,대명4동,22040
22040600,대명5동,22040
22040610,대명6동,22040
22040640,대명9동,22040
11050550,중곡1동,11050
22040650,대명10동,22040
22040660,대명11동,22040
22050510,고성동,22050
22050520,칠성동,22050
22050550,침산1동,22050
22050560,침산2동,22050
22050570,침산3동,22050
11050560,중곡2동,11050
22050810,노원동,22050
22050610,산격1동,22050
22050620,산격2동,22050
22050630,산격3동,22050
22050640,산격4동,22050
22050650,복현1동,22050
22050660,복현2동,22050
22050840,대현동,22050
11050570,중곡3동,11050
22050700,검단동,22050
22050710,무태조야동,22050
22050750,관문동,22050
22050780,태전1동,22050
22050740,태전2동,22050
22050790,구암동,22050
22050770,관음동,22050
22050760,읍내동,22050
22050820,동천동,22050
22050830,국우동,22050
11050580,중곡4동,11050
22060510,범어1동,22060
22060520,범어2동,22060
22060530,범어3동,22060
22060540,범어4동,22060
22060550,만촌1동,22060
22060560,만촌2동,22060
22060570,만촌3동,22060
22060580,수성1가동,22060
11050590,능동,11050
22060590,수성2·3가동,22060
22060600,수성4가동,22060
22060610,황금1동,22060
22060620,황금2동,22060
22060630,중동,22060
22060640,상동,22060
22060650,파동,22060
22060660,두산동,22060
22060670,지산1동,22060
22060680,지산2동,22060
11050600,구의1동,11050
22060690,범물1동,22060
22060700,범물2동,22060
22060710,고산1동,22060
22060720,고산2동,22060
22060730,고산3동,22060
22070750,성당동,22070
22070760,"두류1,2동",22070
11050610,구의2동,11050
22070550,두류3동,22070
22070560,본리동,22070
22070570,감삼동,22070
22070580,죽전동,22070
22070590,장기동,22070
22070720,용산1동,22070
22070730,용산2동,22070
22070600,이곡1동,22070
22070740,이곡2동,22070
11050620,구의3동,11050
22070610,신당동,22070
22070770,월성1동,22070
22070630,월성2동,22070
22070780,진천동,22070
22070650,상인1동,22070
22070660,상인2동,22070
22070670,상인3동,22070
22070680,도원동,22070
22070690,송현1동,22070
22070700,송현2동,22070
11050630,광장동,11050
22070710,본동,22070
22510110,화원읍,22510
22510120,논공읍,22510
22510130,다사읍,22510
22510310,가창면,22510
22510320,하빈면,22510
22510150,옥포읍,22510
22510160,현풍읍,22510
